Firm Name,name,Cluster ID,Match Confidence
trafigura group pte. ltd.,trafigura group   ,0,0.5618739128112793
vitol asia pte ltd.,vitol asia   ,30,1.0
mercuria holdings  pte. ltd.,mercuria holdings   ,31,1.0
gunvor singapore pte. ltd.,gunvor singapore   ,32,1.0
louis dreyfus company asia pte. ltd.,louis dreyfus company asia   ,4,0.6551765203475952
wilmar international limited,wilmar international ,5,0.7004098892211914
olam group limited,olam group ,33,1.0
cofco international singapore pte. ltd.,cofco international singapore   ,6,0.6371331810951233
cargill asia pacific holdings pte. ltd.,cargill asia pacific holdings   ,8,0.523583710193634
glencore singapore pte. ltd.,glencore singapore   ,9,0.570213794708252
archer-daniels-midland singapore pte. ltd.,archer daniels midland singapore   ,34,1.0
bunge asia pte. ltd.,bunge asia   ,10,0.5513501763343811
marubeni corporation,marubeni corporation,11,0.5746174454689026
mitsui & co.  pte. ltd.,mitsui co   ,35,1.0
ptt international trading pte. ltd.,ptt international trading   ,36,1.0
shell eastern trading  ltd,shell eastern trading ,12,0.694503128528595
bp asia pacific pte ltd,bp asia pacific  ,37,1.0
totalenergies marketing asia-pacific middle east pte. ltd.,totalenergies marketing asia pacific middle east   ,38,1.0
sinochem international oil  pte ltd,sinochem international oil  ,39,1.0
agrocorp international pte ltd,agrocorp international  ,14,0.6896745562553406
golden agri international pte ltd,golden agri international  ,40,1.0
musim mas holdings pte. ltd.,musim mas holdings   ,41,1.0
first resources limited,first resources ,15,0.7175461649894714
aavanti industries pte. ltd.,aavanti industries   ,42,1.0
olam agri holdings limited,olam agri holdings ,43,1.0
gerald singapore pte. ltd.,gerald singapore   ,44,1.0
pacific basin sg pte. ltd.,pacific basin sg   ,45,1.0
wilmar sugar pte. ltd.,wilmar sugar   ,46,1.0
sahara energy international pte. ltd.,sahara energy international   ,47,1.0
socar trading singapore pte ltd,socar trading singapore  ,48,1.0
wogen south east asia pte. ltd.,wogen south east asia   ,49,1.0
traxys singapore pte. ltd.,traxys singapore   ,16,0.7175461649894714
trafigura carbon trading pte. ltd.,trafigura carbon trading   ,50,1.0
ixm pte. ltd.,ixm   ,51,1.0
aditya birla global trading  pte. ltd.,aditya birla global trading   ,52,1.0
tata international singapore pte ltd.,tata international singapore   ,53,1.0
vinmar overseas  pte ltd,vinmar overseas  ,54,1.0
helm asia pte. ltd.,helm asia   ,55,1.0
sino gas holdings pte. limited,sino gas holdings  ,56,1.0
posco international singapore pte. ltd.,posco international singapore   ,57,1.0
oilmar sgp pte. ltd.,oilmar sgp   ,58,1.0
nala renewables pte. limited,nala renewables  ,59,1.0
straits energy resources bhd,straits energy resources bhd,60,1.0
indofood agri resources ltd.,indofood agri resources  ,61,1.0
adaro international  pte. ltd.,adaro international   ,62,1.0
hg metal manufacturing limited,hg metal manufacturing ,63,1.0
sd guthrie international limited,sd guthrie international ,64,1.0
agrex asia pte. ltd.,agrex asia   ,65,1.0
lx_international  pte. ltd.,lx international   ,66,1.0
hyundai corporation singapore pte. ltd.,hyundai corporation singapore   ,67,1.0
woodside energy australia asia holdings pte. ltd.,woodside energy australia asia holdings   ,68,1.0
samsung c&t singapore pte. ltd.,samsung c t singapore   ,69,1.0
sinopec fuel oil  pte. ltd.,sinopec fuel oil   ,7,0.5627008676528931
sojitz asia pte. ltd.,sojitz asia   ,70,1.0
sumitomo corporation asia & oceania pte. ltd.,sumitomo corporation asia oceania   ,71,1.0
citic commodities pte. ltd.,citic commodities   ,72,1.0
petrochina international  pte. ltd.,petrochina international   ,73,1.0
unipec singapore pte. ltd.,unipec singapore   ,18,0.6946758031845093
sinopec international  pte. ltd.,sinopec international   ,74,1.0
sk energy international pte. ltd.,sk energy international   ,75,1.0
itochu singapore pte ltd,itochu singapore  ,76,1.0
gs global singapore pte. ltd.,gs global singapore   ,77,1.0
cipta commodity trading pte. ltd.,cipta commodity trading   ,78,1.0
davis commodities pte. ltd.,davis commodities   ,79,1.0
om materials  pte ltd,om materials  ,80,1.0
"banpu minerals  pte ltd, banpu singapore pte ltd.",banpu minerals   banpu singapore   ,81,1.0
hd hyundai oil singapore pte. ltd.,hd hyundai oil singapore   ,82,1.0
toyota tsusho asia pacific pte. ltd.,toyota tsusho asia pacific   ,83,1.0
chalco trading singapore pte. ltd.,chalco trading singapore   ,84,1.0
shell singapore pte. ltd.,shell singapore   ,13,0.6877291798591614
summit energy & resources pte. ltd.,summit energy resources   ,85,1.0
pertamina international marketing & distribution pte. ltd,pertamina international marketing distribution  ,86,1.0
idemitsu international  pte. ltd.,idemitsu international   ,87,1.0
eneos oil & energy asia pte. ltd.,eneos oil energy asia   ,88,1.0
cosmo oil international pte. ltd.,cosmo oil international   ,89,1.0
jfe shoji corporation,jfe shoji corporation,90,1.0
century commodities solution pte. ltd.,century commodities solution   ,91,1.0
rawsteel minmetals pte. ltd.,rawsteel minmetals   ,92,1.0
gce agri; gce business consultants,gce agri gce business consultants,93,1.0
dkc steel singapore pte ltd.,dkc steel singapore   ,94,1.0
mri group pte. ltd,mri group  ,95,1.0
unifood int'l  pte. ltd.,unifood int l   ,96,1.0
noble resources international pte. ltd.,noble resources international   ,97,1.0
cemcoa energy pte. ltd.,cemcoa energy   ,98,1.0
interchem manufacturing pte. ltd.,interchem manufacturing   ,99,1.0
mitsubishi corporation rtm international pte ltd.,mitsubishi corporation rtm international   ,100,1.0
aaa oils & fats pte. ltd.,aaa oils fats   ,101,1.0
triland metals singapore pte. ltd.,triland metals singapore   ,102,1.0
ginga petroleum  pte ltd /,ginga petroleum   ,103,1.0
concord energy pte ltd,concord energy  ,104,1.0
pacific minerals,pacific minerals,105,1.0
trimex group,trimex group,106,1.0
kz trading singapore pte. ltd.,kz trading singapore   ,107,1.0
petraco oil company pte ltd.,petraco oil company   ,108,1.0
the straits international pte. ltd.,the straits international   ,109,1.0
straits bunkering pte. ltd.,straits bunkering   ,17,0.6908657550811768
pacific energy pte. ltd.,pacific energy   ,110,1.0
quantum global  pte. ltd.,quantum global   ,111,1.0
meridian equities pte. ltd.,meridian equities   ,112,1.0
swan international holding pte. ltd.,swan international holding   ,113,1.0
bary chemical pte ltd,bary chemical  ,19,0.6837584972381592
oriental energy pte ltd& oriental resources pte ltd,oriental energy   oriental resources  ,114,1.0
bary chemical pte. ltd.,bary chemical   ,19,0.6837584972381592
mahkota oils & fats pte. ltd.,mahkota oils fats   ,115,1.0
reed smith,reed smith,116,1.0
hfw (holman fenwick willan),hfw holman fenwick willan ,117,1.0
clyde & co,clyde co,118,1.0
stephenson harwood,stephenson harwood,119,1.0
watson farley & williams,watson farley williams,120,1.0
ince & co singapore llp,ince co singapore llp,121,1.0
norton rose fulbright,norton rose fulbright,122,1.0
baker mckenzie,baker mckenzie,123,1.0
squire patton boggs,squire patton boggs,124,1.0
hill dickinson,hill dickinson,125,1.0
mayer brown llp,mayer brown llp,126,1.0
latham & watkins llp,latham watkins llp,127,1.0
rajah & tann,rajah tann,128,1.0
allen & gledhill,allen gledhill,129,1.0
drew & napier,drew napier,130,1.0
wongpartnership,wongpartnership,131,1.0
helmsman llc,helmsman llc,132,1.0
blackstone & gold,blackstone gold,133,1.0
braddell brothers llp,braddell brothers llp,134,1.0
joseph tan jude benny llp,joseph tan jude benny llp,135,1.0
dentons rodyk & davidson llp,dentons rodyk davidson llp,136,1.0
oon & bazul llc,oon bazul llc,137,1.0
pdlegal llc,pdlegal llc,138,1.0
shook lin & bok llp,shook lin bok llp,139,1.0
tsmp law corporation,tsmp law corporation,140,1.0
virtus law llp,virtus law llp,141,1.0
dennismathiew,dennismathiew,142,1.0
asialegal llc,asialegal llc,143,1.0
"christopher lau, sc",christopher lau sc,144,1.0
dunbar & lim chambers llc,dunbar lim chambers llc,145,1.0
haridass ho & partners,haridass ho partners,146,1.0
gill arbitration services,gill arbitration services,147,1.0
pk wong & nair llc,pk wong nair llc,148,1.0
providence law asia llc,providence law asia llc,149,1.0
lvm law chambers llc,lvm law chambers llc,150,1.0
incisive law llc,incisive law llc,151,1.0
damodara ong llc,damodara ong llc,152,1.0
focus law asia llc,focus law asia llc,153,1.0
resource law llc,resource law llc,154,1.0
uniper global commodities se singapore branch,uniper global commodities se singapore branch,155,1.0
china merchants energy shipping (singapore) holding pte. ltd.,china merchants energy shipping singapore holding   ,156,1.0
sinopec,sinopec,7,0.5627008676528931
trafigura maritime logistics pte ltd,trafigura maritime logistics  ,157,1.0
bgn energy,bgn energy,158,1.0
mitsui & co energy trading singapore (mets),mitsui co energy trading singapore mets ,159,1.0
equatorial marine fuel management services,equatorial marine fuel management services,160,1.0
ed&f man capital markets (singapore) pte. ltd.,ed f man capital markets singapore   ,20,0.5993574261665344
trafigura,trafigura,0,0.6866288185119629
olam international,olam international,161,1.0
icici bank singapore branch,icici bank singapore branch,162,1.0
trafigura pte ltd,trafigura  ,0,0.5983730554580688
trafigura,trafigura,0,0.6866288185119629
bw energy holdings pte ltd,bw energy holdings  ,163,1.0
hsbc singapore entities,hsbc singapore entities,164,1.0
glory bulk carriers pte ltd,glory bulk carriers  ,165,1.0
tcc group / tai chong cheang shipping (singapore) pte ltd.,tcc group tai chong cheang shipping singapore   ,166,1.0
louis dreyfus company asia pte. ltd. / ldc in singapore,louis dreyfus company asia   ldc in singapore,4,0.6165777444839478
shell singapore pte. ltd,shell singapore  ,13,0.6877291798591614
shell eastern trading (pte) ltd,shell eastern trading  ,12,0.694503128528595
trafigura pte ltd,trafigura  ,0,0.5983730554580688
ocean network express pte. ltd.,ocean network express   ,167,1.0
sumifru singapore pte ltd,sumifru singapore  ,21,0.7175461649894714
sinopec international (singapore) pte ltd,sinopec international singapore  ,168,1.0
sumifru singapore pte ltd,sumifru singapore  ,21,0.7175461649894714
jsw international tradecorp pte ltd (jsw),jsw international tradecorp   jsw ,169,1.0
st telemedia global data centres (telemedia global data centres),st telemedia global data centres telemedia global data centres ,170,1.0
bts tankers pte ltd,bts tankers  ,171,1.0
dbs bank,dbs bank,22,0.5146353840827942
united overseas bank (uob),united overseas bank uob ,23,0.7175461649894714
oversea-chinese banking corporation (ocbc),oversea chinese banking corporation ocbc ,24,0.7175461649894714
metro holdings limited,metro holdings ,172,1.0
razer,razer,173,1.0
first resources limited,first resources ,15,0.7175461649894714
first sponsor group limited,first sponsor group ,174,1.0
dbs,dbs,22,0.6029112339019775
united overseas bank (uob),united overseas bank uob ,23,0.7175461649894714
straits bunkering pte ltd,straits bunkering  ,17,0.6908657550811768
avani resources pte. ltd,avani resources  ,175,1.0
alvari pte. ltd.,alvari   ,176,1.0
bafco singapore pte. ltd,bafco singapore  ,177,1.0
the singapore medical council (smc),the singapore medical council smc ,178,1.0
basf intertrade ag singapore branch,basf intertrade ag singapore branch,179,1.0
fti consulting (singapore) pte. ltd.,fti consulting singapore   ,180,1.0
oversea-chinese banking corporation (ocbc),oversea chinese banking corporation ocbc ,24,0.7175461649894714
boustead projects limited,boustead projects ,181,1.0
thomson medical group (tmg),thomson medical group tmg ,182,1.0
ocbc bank (oversea-chinese banking corporation limited),ocbc bank oversea chinese banking corporation  ,183,1.0
winson oil trading pte ltd,winson oil trading  ,25,0.7175461649894714
winson oil trading pte ltd,winson oil trading  ,25,0.7175461649894714
louis dreyfus company asia pte. ltd.,louis dreyfus company asia   ,4,0.6551765203475952
standard chartered bank (singapore) limited (scb),standard chartered bank singapore  scb ,26,0.6584954261779785
halcyon agri corporation limited,halcyon agri corporation ,184,1.0
seraya energy,seraya energy,185,1.0
kpmg,kpmg,186,1.0
mizuho bank,mizuho bank,187,1.0
perennial real estate holdings,perennial real estate holdings,188,1.0
ho lee construction,ho lee construction,189,1.0
westbridge ventures ii investment holdings,westbridge ventures ii investment holdings,190,1.0
standard chartered bank (singapore) limited (scb),standard chartered bank singapore  scb ,26,0.6584954261779785
atlantic navigation holdings (singapore) limited,atlantic navigation holdings singapore ,191,1.0
royal global exports pte ltd,royal global exports  ,192,1.0
louis dreyfus asia pte ltd / louis dreyfus company asia pte. ltd.,louis dreyfus asia   louis dreyfus company asia   ,193,1.0
marina offshore pte ltd,marina offshore  ,194,1.0
maybank singapore (maybank singapore limited),maybank singapore maybank singapore  ,195,1.0
petrochina international (singapore) pte. ltd,petrochina international singapore  ,196,1.0
pricewaterhousecoopers (pwc singapore),pricewaterhousecoopers pwc singapore ,197,1.0
gtp advisory (gtp advisory pac),gtp advisory gtp advisory pac ,198,1.0
gp global apac pte. ltd.,gp global apac   ,199,1.0
ms first capital insurance (limited),ms first capital insurance  ,27,0.6987707018852234
united overseas bank (uob),united overseas bank uob ,23,0.7175461649894714
unipec singapore pte. ltd.,unipec singapore   ,18,0.6946758031845093
grabtaxi holdings pte ltd,grabtaxi holdings  ,200,1.0
winson oil trading pte ltd,winson oil trading  ,25,0.7175461649894714
cye,cye,201,1.0
argoglobal underwriting asia pacific pte ltd,argoglobal underwriting asia pacific  ,202,1.0
china taiping insurance (singapore) pte ltd,china taiping insurance singapore  ,203,1.0
great american insurance company,great american insurance company,204,1.0
ms first capital insurance limited,ms first capital insurance ,27,0.6987707018852234
qbe insurance (singapore) pte ltd,qbe insurance singapore  ,205,1.0
maersk tankers singapore,maersk tankers singapore,206,1.0
ing,ing,207,1.0
société générale,soci t g n rale,208,1.0
bnp paribas,bnp paribas,209,1.0
rabobank,rabobank,210,1.0
standard chartered,standard chartered,26,0.6082467436790466
dbs,dbs,22,0.6029112339019775
ocbc,ocbc,211,1.0
uob,uob,212,1.0
mufg,mufg,213,1.0
smbc,smbc,214,1.0
crédit agricole,cr dit agricole,215,1.0
hsbc,hsbc,216,1.0
natixis,natixis,217,1.0
"bank of china, singapore branch",bank of china singapore branch,218,1.0
"china construction bank, singapore branch",china construction bank singapore branch,219,1.0
"icbc, singapore branch",icbc singapore branch,220,1.0
"agricultural bank of china, singapore branch",agricultural bank of china singapore branch,221,1.0
"shanghai pudong development bank (spdb), singapore branch",shanghai pudong development bank spdb singapore branch,222,1.0
"mufg bank, singapore branch",mufg bank singapore branch,223,1.0
"macquarie bank, singapore branch",macquarie bank singapore branch,224,1.0
"commonwealth bank of australia (cba), singapore branch",commonwealth bank of australia cba singapore branch,225,1.0
"anz bank, singapore branch",anz bank singapore branch,226,1.0
"westpac banking corporation, singapore branch",westpac banking corporation singapore branch,227,1.0
"national australia bank (nab), singapore branch",national australia bank nab singapore branch,228,1.0
"cimb bank berhad, singapore branch",cimb bank berhad singapore branch,229,1.0
"maybank singapore ltd / malayan banking berhad, singapore branch",maybank singapore  malayan banking berhad singapore branch,230,1.0
"rhb bank berhad, singapore branch",rhb bank berhad singapore branch,231,1.0
"bank of east asia (bea), singapore branch",bank of east asia bea singapore branch,232,1.0
"state bank of india, singapore branch",state bank of india singapore branch,233,1.0
"dz bank ag, singapore branch",dz bank ag singapore branch,234,1.0
"deutsche bank ag, singapore branch",deutsche bank ag singapore branch,235,1.0
"commerzbank ag, singapore branch",commerzbank ag singapore branch,236,1.0
"citibank n.a. / citi, singapore branch",citibank n a citi singapore branch,237,1.0
"goldman sachs, singapore branch",goldman sachs singapore branch,238,1.0
"jpmorgan chase bank, singapore branch",jpmorgan chase bank singapore branch,239,1.0
"bbva, singapore branch",bbva singapore branch,240,1.0
"bank of america, singapore branch",bank of america singapore branch,241,1.0
ossiano,ossiano,242,1.0
copap,copap,243,1.0
tradeflow capital,tradeflow capital,244,1.0
mercore,mercore,245,1.0
audentia,audentia,246,1.0
ed&f man capital,ed f man capital,20,0.5993574261665344
czarnikow,czarnikow,247,1.0
sucden financial,sucden financial,248,1.0
drip capital,drip capital,249,1.0
incomlend pte. ltd.,incomlend   ,250,1.0
gxs capital pte. ltd. (f.k.a. validus capital),gxs capital   f k a validus capital ,251,1.0
fs capital pte. ltd. (funding societies),fs capital   funding societies ,252,1.0
ifs capital ltd,ifs capital ,253,1.0
straits financial services pte. ltd.,straits financial services   ,254,1.0
gb helios pte. ltd. (f.k.a. goldbell financial services),gb helios   f k a goldbell financial services ,255,1.0
nomura securities (singapore) pte. ltd.,nomura securities singapore   ,256,1.0
adm capital,adm capital,257,1.0
hong leong finance ltd,hong leong finance ,258,1.0
eastvine capital pte ltd,eastvine capital  ,259,1.0
sing investments & finance ltd,sing investments finance ,260,1.0
zma smart capital pte. ltd.,zma smart capital   ,261,1.0
mufg trading (singapore) pte. ltd.,mufg trading singapore   ,262,1.0
orix leasing singapore ltd,orix leasing singapore ,263,1.0
capital match platform pte. ltd.,capital match platform   ,264,1.0
seatown holdings pte. ltd.,seatown holdings   ,265,1.0
modifi asia pte. ltd.,modifi asia   ,266,1.0
stonex financial pte. ltd.,stonex financial   ,267,1.0
horizon capital ag (singapore rep),horizon capital ag singapore rep ,268,1.0
hartree partners singapore pte. ltd,hartree partners singapore  ,269,1.0
traxys singapore pte. ltd.,traxys singapore   ,16,0.7175461649894714
freepoint commodities singapore pte. ltd.,freepoint commodities singapore   ,270,1.0
trafigura,trafigura,0,0.6866288185119629
glencore,glencore,9,0.6612392663955688
gunvor,gunvor,1,0.6060450077056885
vitol,vitol,2,0.5645192861557007
marubeni,marubeni,11,0.5746174454689026
trafigura,trafigura,0,0.6866288185119629
glencore,glencore,9,0.6612392663955688
seatrium,seatrium,271,1.0
agrocorp international,agrocorp international,14,0.6896745562553406
trafigura,trafigura,0,0.6866288185119629
wilmar international ltd,wilmar international ,5,0.7004098892211914
louis dreyfus company,louis dreyfus company,4,0.6415836811065674
rio tinto,rio tinto,28,0.7175461649894714
wilmar international,wilmar international,5,0.7004098892211914
musim mas group,musim mas group,272,1.0
cargill,cargill,8,0.523583710193634
sinar mas group,sinar mas group,29,0.7175461649894714
barramundi group,barramundi group,273,1.0
trafigura,trafigura,0,0.6866288185119629
gunvor,gunvor,1,0.6060450077056885
cofco international,cofco international,6,0.6954458951950073
bunge,bunge,10,0.5513501763343811
six one commodities,six one commodities,274,1.0
mercuria,mercuria,3,0.5702138543128967
vitol group,vitol group,2,0.6725156307220459
trafigura,trafigura,0,0.6866288185119629
mercuria energy group,mercuria energy group,3,0.6363406181335449
gunvor group,gunvor group,1,0.657231330871582
vale,vale,275,1.0
rio tinto,rio tinto,28,0.7175461649894714
wilmar international,wilmar international,5,0.7004098892211914
cofco international,cofco international,6,0.6954458951950073
olam food ingredients,olam food ingredients,276,1.0
louis dreyfus,louis dreyfus,4,0.5963057279586792
vitol group,vitol group,2,0.6725156307220459
trafigura,trafigura,0,0.6866288185119629
mercuria energy group,mercuria energy group,3,0.6363406181335449
gunvor group,gunvor group,1,0.657231330871582
cofco international,cofco international,6,0.6954458951950073
vitol group,vitol group,2,0.6725156307220459
glencore,glencore,9,0.6612392663955688
gunvor group,gunvor group,1,0.657231330871582
olam agri / olam group,olam agri olam group,277,1.0
sinar mas group,sinar mas group,29,0.7175461649894714
trafigura,trafigura,0,0.6866288185119629
gunvor group,gunvor group,1,0.657231330871582
vitol group,vitol group,2,0.6725156307220459
cofco international,cofco international,6,0.6954458951950073
unipec singapore,unipec singapore,18,0.6734030842781067
trafigura group pte ltd,trafigura group  ,0,0.5653231739997864
trafigura,trafigura,0,0.6866288185119629
trafigura beheer bv / trafigura group pte ltd,trafigura beheer bv trafigura group  ,278,1.0
mercuria energy trading,mercuria energy trading,279,1.0
the daily cut pte ltd,the daily cut  ,280,1.0
new & novel engineering pte ltd,new novel engineering  ,281,1.0
vyas engineering pte ltd,vyas engineering  ,282,1.0
the prax group,the prax group,283,1.0
