Firm Name,name
trafigura group pte. ltd.,trafigura group   
vitol asia pte ltd.,vitol asia   
mercuria holdings  pte. ltd.,mercuria holdings   
gunvor singapore pte. ltd.,gunvor singapore   
louis dreyfus company asia pte. ltd.,louis dreyfus company asia   
wilmar international limited,wilmar international 
olam group limited,olam group 
cofco international singapore pte. ltd.,cofco international singapore   
cargill asia pacific holdings pte. ltd.,cargill asia pacific holdings   
glencore singapore pte. ltd.,glencore singapore   
archer-daniels-midland singapore pte. ltd.,archer daniels midland singapore   
bunge asia pte. ltd.,bunge asia   
marubeni corporation,marubeni corporation
mitsui & co.  pte. ltd.,mitsui co   
ptt international trading pte. ltd.,ptt international trading   
shell eastern trading  ltd,shell eastern trading 
bp asia pacific pte ltd,bp asia pacific  
totalenergies marketing asia-pacific middle east pte. ltd.,totalenergies marketing asia pacific middle east   
sinochem international oil  pte ltd,sinochem international oil  
agrocorp international pte ltd,agrocorp international  
golden agri international pte ltd,golden agri international  
musim mas holdings pte. ltd.,musim mas holdings   
first resources limited,first resources 
aavanti industries pte. ltd.,aavanti industries   
olam agri holdings limited,olam agri holdings 
gerald singapore pte. ltd.,gerald singapore   
pacific basin sg pte. ltd.,pacific basin sg   
wilmar sugar pte. ltd.,wilmar sugar   
sahara energy international pte. ltd.,sahara energy international   
socar trading singapore pte ltd,socar trading singapore  
wogen south east asia pte. ltd.,wogen south east asia   
traxys singapore pte. ltd.,traxys singapore   
trafigura carbon trading pte. ltd.,trafigura carbon trading   
ixm pte. ltd.,ixm   
aditya birla global trading  pte. ltd.,aditya birla global trading   
tata international singapore pte ltd.,tata international singapore   
vinmar overseas  pte ltd,vinmar overseas  
helm asia pte. ltd.,helm asia   
sino gas holdings pte. limited,sino gas holdings  
posco international singapore pte. ltd.,posco international singapore   
oilmar sgp pte. ltd.,oilmar sgp   
nala renewables pte. limited,nala renewables  
straits energy resources bhd,straits energy resources bhd
indofood agri resources ltd.,indofood agri resources  
adaro international  pte. ltd.,adaro international   
hg metal manufacturing limited,hg metal manufacturing 
sd guthrie international limited,sd guthrie international 
agrex asia pte. ltd.,agrex asia   
lx_international  pte. ltd.,lx international   
hyundai corporation singapore pte. ltd.,hyundai corporation singapore   
woodside energy australia asia holdings pte. ltd.,woodside energy australia asia holdings   
samsung c&t singapore pte. ltd.,samsung c t singapore   
sinopec fuel oil  pte. ltd.,sinopec fuel oil   
sojitz asia pte. ltd.,sojitz asia   
sumitomo corporation asia & oceania pte. ltd.,sumitomo corporation asia oceania   
citic commodities pte. ltd.,citic commodities   
petrochina international  pte. ltd.,petrochina international   
unipec singapore pte. ltd.,unipec singapore   
sinopec international  pte. ltd.,sinopec international   
sk energy international pte. ltd.,sk energy international   
itochu singapore pte ltd,itochu singapore  
gs global singapore pte. ltd.,gs global singapore   
cipta commodity trading pte. ltd.,cipta commodity trading   
davis commodities pte. ltd.,davis commodities   
om materials  pte ltd,om materials  
"banpu minerals  pte ltd, banpu singapore pte ltd.",banpu minerals   banpu singapore   
hd hyundai oil singapore pte. ltd.,hd hyundai oil singapore   
toyota tsusho asia pacific pte. ltd.,toyota tsusho asia pacific   
chalco trading singapore pte. ltd.,chalco trading singapore   
shell singapore pte. ltd.,shell singapore   
summit energy & resources pte. ltd.,summit energy resources   
pertamina international marketing & distribution pte. ltd,pertamina international marketing distribution  
idemitsu international  pte. ltd.,idemitsu international   
eneos oil & energy asia pte. ltd.,eneos oil energy asia   
cosmo oil international pte. ltd.,cosmo oil international   
jfe shoji corporation,jfe shoji corporation
century commodities solution pte. ltd.,century commodities solution   
rawsteel minmetals pte. ltd.,rawsteel minmetals   
gce agri; gce business consultants,gce agri gce business consultants
dkc steel singapore pte ltd.,dkc steel singapore   
mri group pte. ltd,mri group  
unifood int'l  pte. ltd.,unifood int l   
noble resources international pte. ltd.,noble resources international   
cemcoa energy pte. ltd.,cemcoa energy   
interchem manufacturing pte. ltd.,interchem manufacturing   
mitsubishi corporation rtm international pte ltd.,mitsubishi corporation rtm international   
aaa oils & fats pte. ltd.,aaa oils fats   
triland metals singapore pte. ltd.,triland metals singapore   
ginga petroleum  pte ltd /,ginga petroleum   
concord energy pte ltd,concord energy  
pacific minerals,pacific minerals
trimex group,trimex group
kz trading singapore pte. ltd.,kz trading singapore   
petraco oil company pte ltd.,petraco oil company   
the straits international pte. ltd.,the straits international   
straits bunkering pte. ltd.,straits bunkering   
pacific energy pte. ltd.,pacific energy   
quantum global  pte. ltd.,quantum global   
meridian equities pte. ltd.,meridian equities   
swan international holding pte. ltd.,swan international holding   
bary chemical pte ltd,bary chemical  
oriental energy pte ltd& oriental resources pte ltd,oriental energy   oriental resources  
bary chemical pte. ltd.,bary chemical   
mahkota oils & fats pte. ltd.,mahkota oils fats   
reed smith,reed smith
hfw (holman fenwick willan),hfw holman fenwick willan 
clyde & co,clyde co
stephenson harwood,stephenson harwood
watson farley & williams,watson farley williams
ince & co singapore llp,ince co singapore llp
norton rose fulbright,norton rose fulbright
baker mckenzie,baker mckenzie
squire patton boggs,squire patton boggs
hill dickinson,hill dickinson
mayer brown llp,mayer brown llp
latham & watkins llp,latham watkins llp
rajah & tann,rajah tann
allen & gledhill,allen gledhill
drew & napier,drew napier
wongpartnership,wongpartnership
helmsman llc,helmsman llc
blackstone & gold,blackstone gold
braddell brothers llp,braddell brothers llp
joseph tan jude benny llp,joseph tan jude benny llp
dentons rodyk & davidson llp,dentons rodyk davidson llp
oon & bazul llc,oon bazul llc
pdlegal llc,pdlegal llc
shook lin & bok llp,shook lin bok llp
tsmp law corporation,tsmp law corporation
virtus law llp,virtus law llp
dennismathiew,dennismathiew
asialegal llc,asialegal llc
"christopher lau, sc",christopher lau sc
dunbar & lim chambers llc,dunbar lim chambers llc
haridass ho & partners,haridass ho partners
gill arbitration services,gill arbitration services
pk wong & nair llc,pk wong nair llc
providence law asia llc,providence law asia llc
lvm law chambers llc,lvm law chambers llc
incisive law llc,incisive law llc
damodara ong llc,damodara ong llc
focus law asia llc,focus law asia llc
resource law llc,resource law llc
uniper global commodities se singapore branch,uniper global commodities se singapore branch
china merchants energy shipping (singapore) holding pte. ltd.,china merchants energy shipping singapore holding   
sinopec,sinopec
trafigura maritime logistics pte ltd,trafigura maritime logistics  
bgn energy,bgn energy
mitsui & co energy trading singapore (mets),mitsui co energy trading singapore mets 
equatorial marine fuel management services,equatorial marine fuel management services
ed&f man capital markets (singapore) pte. ltd.,ed f man capital markets singapore   
trafigura,trafigura
olam international,olam international
icici bank singapore branch,icici bank singapore branch
trafigura pte ltd,trafigura  
trafigura,trafigura
bw energy holdings pte ltd,bw energy holdings  
hsbc singapore entities,hsbc singapore entities
glory bulk carriers pte ltd,glory bulk carriers  
tcc group / tai chong cheang shipping (singapore) pte ltd.,tcc group tai chong cheang shipping singapore   
louis dreyfus company asia pte. ltd. / ldc in singapore,louis dreyfus company asia   ldc in singapore
shell singapore pte. ltd,shell singapore  
shell eastern trading (pte) ltd,shell eastern trading  
trafigura pte ltd,trafigura  
ocean network express pte. ltd.,ocean network express   
sumifru singapore pte ltd,sumifru singapore  
sinopec international (singapore) pte ltd,sinopec international singapore  
sumifru singapore pte ltd,sumifru singapore  
jsw international tradecorp pte ltd (jsw),jsw international tradecorp   jsw 
st telemedia global data centres (telemedia global data centres),st telemedia global data centres telemedia global data centres 
bts tankers pte ltd,bts tankers  
dbs bank,dbs bank
united overseas bank (uob),united overseas bank uob 
oversea-chinese banking corporation (ocbc),oversea chinese banking corporation ocbc 
metro holdings limited,metro holdings 
razer,razer
first resources limited,first resources 
first sponsor group limited,first sponsor group 
dbs,dbs
united overseas bank (uob),united overseas bank uob 
straits bunkering pte ltd,straits bunkering  
avani resources pte. ltd,avani resources  
alvari pte. ltd.,alvari   
bafco singapore pte. ltd,bafco singapore  
the singapore medical council (smc),the singapore medical council smc 
basf intertrade ag singapore branch,basf intertrade ag singapore branch
fti consulting (singapore) pte. ltd.,fti consulting singapore   
oversea-chinese banking corporation (ocbc),oversea chinese banking corporation ocbc 
boustead projects limited,boustead projects 
thomson medical group (tmg),thomson medical group tmg 
ocbc bank (oversea-chinese banking corporation limited),ocbc bank oversea chinese banking corporation  
winson oil trading pte ltd,winson oil trading  
winson oil trading pte ltd,winson oil trading  
louis dreyfus company asia pte. ltd.,louis dreyfus company asia   
standard chartered bank (singapore) limited (scb),standard chartered bank singapore  scb 
halcyon agri corporation limited,halcyon agri corporation 
seraya energy,seraya energy
kpmg,kpmg
mizuho bank,mizuho bank
perennial real estate holdings,perennial real estate holdings
ho lee construction,ho lee construction
westbridge ventures ii investment holdings,westbridge ventures ii investment holdings
standard chartered bank (singapore) limited (scb),standard chartered bank singapore  scb 
atlantic navigation holdings (singapore) limited,atlantic navigation holdings singapore 
royal global exports pte ltd,royal global exports  
louis dreyfus asia pte ltd / louis dreyfus company asia pte. ltd.,louis dreyfus asia   louis dreyfus company asia   
marina offshore pte ltd,marina offshore  
maybank singapore (maybank singapore limited),maybank singapore maybank singapore  
petrochina international (singapore) pte. ltd,petrochina international singapore  
pricewaterhousecoopers (pwc singapore),pricewaterhousecoopers pwc singapore 
gtp advisory (gtp advisory pac),gtp advisory gtp advisory pac 
gp global apac pte. ltd.,gp global apac   
ms first capital insurance (limited),ms first capital insurance  
united overseas bank (uob),united overseas bank uob 
unipec singapore pte. ltd.,unipec singapore   
grabtaxi holdings pte ltd,grabtaxi holdings  
winson oil trading pte ltd,winson oil trading  
cye,cye
argoglobal underwriting asia pacific pte ltd,argoglobal underwriting asia pacific  
china taiping insurance (singapore) pte ltd,china taiping insurance singapore  
great american insurance company,great american insurance company
ms first capital insurance limited,ms first capital insurance 
qbe insurance (singapore) pte ltd,qbe insurance singapore  
maersk tankers singapore,maersk tankers singapore
ing,ing
société générale,soci t g n rale
bnp paribas,bnp paribas
rabobank,rabobank
standard chartered,standard chartered
dbs,dbs
ocbc,ocbc
uob,uob
mufg,mufg
smbc,smbc
crédit agricole,cr dit agricole
hsbc,hsbc
natixis,natixis
"bank of china, singapore branch",bank of china singapore branch
"china construction bank, singapore branch",china construction bank singapore branch
"icbc, singapore branch",icbc singapore branch
"agricultural bank of china, singapore branch",agricultural bank of china singapore branch
"shanghai pudong development bank (spdb), singapore branch",shanghai pudong development bank spdb singapore branch
"mufg bank, singapore branch",mufg bank singapore branch
"macquarie bank, singapore branch",macquarie bank singapore branch
"commonwealth bank of australia (cba), singapore branch",commonwealth bank of australia cba singapore branch
"anz bank, singapore branch",anz bank singapore branch
"westpac banking corporation, singapore branch",westpac banking corporation singapore branch
"national australia bank (nab), singapore branch",national australia bank nab singapore branch
"cimb bank berhad, singapore branch",cimb bank berhad singapore branch
"maybank singapore ltd / malayan banking berhad, singapore branch",maybank singapore  malayan banking berhad singapore branch
"rhb bank berhad, singapore branch",rhb bank berhad singapore branch
"bank of east asia (bea), singapore branch",bank of east asia bea singapore branch
"state bank of india, singapore branch",state bank of india singapore branch
"dz bank ag, singapore branch",dz bank ag singapore branch
"deutsche bank ag, singapore branch",deutsche bank ag singapore branch
"commerzbank ag, singapore branch",commerzbank ag singapore branch
"citibank n.a. / citi, singapore branch",citibank n a citi singapore branch
"goldman sachs, singapore branch",goldman sachs singapore branch
"jpmorgan chase bank, singapore branch",jpmorgan chase bank singapore branch
"bbva, singapore branch",bbva singapore branch
"bank of america, singapore branch",bank of america singapore branch
ossiano,ossiano
copap,copap
tradeflow capital,tradeflow capital
mercore,mercore
audentia,audentia
ed&f man capital,ed f man capital
czarnikow,czarnikow
sucden financial,sucden financial
drip capital,drip capital
incomlend pte. ltd.,incomlend   
gxs capital pte. ltd. (f.k.a. validus capital),gxs capital   f k a validus capital 
fs capital pte. ltd. (funding societies),fs capital   funding societies 
ifs capital ltd,ifs capital 
straits financial services pte. ltd.,straits financial services   
gb helios pte. ltd. (f.k.a. goldbell financial services),gb helios   f k a goldbell financial services 
nomura securities (singapore) pte. ltd.,nomura securities singapore   
adm capital,adm capital
hong leong finance ltd,hong leong finance 
eastvine capital pte ltd,eastvine capital  
sing investments & finance ltd,sing investments finance 
zma smart capital pte. ltd.,zma smart capital   
mufg trading (singapore) pte. ltd.,mufg trading singapore   
orix leasing singapore ltd,orix leasing singapore 
capital match platform pte. ltd.,capital match platform   
seatown holdings pte. ltd.,seatown holdings   
modifi asia pte. ltd.,modifi asia   
stonex financial pte. ltd.,stonex financial   
horizon capital ag (singapore rep),horizon capital ag singapore rep 
hartree partners singapore pte. ltd,hartree partners singapore  
traxys singapore pte. ltd.,traxys singapore   
freepoint commodities singapore pte. ltd.,freepoint commodities singapore   
trafigura,trafigura
glencore,glencore
gunvor,gunvor
vitol,vitol
marubeni,marubeni
trafigura,trafigura
glencore,glencore
seatrium,seatrium
agrocorp international,agrocorp international
trafigura,trafigura
wilmar international ltd,wilmar international 
louis dreyfus company,louis dreyfus company
rio tinto,rio tinto
wilmar international,wilmar international
musim mas group,musim mas group
cargill,cargill
sinar mas group,sinar mas group
barramundi group,barramundi group
trafigura,trafigura
gunvor,gunvor
cofco international,cofco international
bunge,bunge
six one commodities,six one commodities
mercuria,mercuria
vitol group,vitol group
trafigura,trafigura
mercuria energy group,mercuria energy group
gunvor group,gunvor group
vale,vale
rio tinto,rio tinto
wilmar international,wilmar international
cofco international,cofco international
olam food ingredients,olam food ingredients
louis dreyfus,louis dreyfus
vitol group,vitol group
trafigura,trafigura
mercuria energy group,mercuria energy group
gunvor group,gunvor group
cofco international,cofco international
vitol group,vitol group
glencore,glencore
gunvor group,gunvor group
olam agri / olam group,olam agri olam group
sinar mas group,sinar mas group
trafigura,trafigura
gunvor group,gunvor group
vitol group,vitol group
cofco international,cofco international
unipec singapore,unipec singapore
trafigura group pte ltd,trafigura group  
trafigura,trafigura
trafigura beheer bv / trafigura group pte ltd,trafigura beheer bv trafigura group  
mercuria energy trading,mercuria energy trading
the daily cut pte ltd,the daily cut  
new & novel engineering pte ltd,new novel engineering  
vyas engineering pte ltd,vyas engineering  
the prax group,the prax group
