label,role
amaroq,others
argoglobal underwriting asia pacific,others
atlantic navigation holdings singapore,others
bafco singapore,others
barramundi group,others
boustead projects,others
bts tankers,others
bw energy holdings,others
china merchants energy shipping holding singapore,others
china taiping insurance singapore,others
cye,others
develop global,others
first sponsor group,others
fti consulting singapore,others
glory bulk carriers,others
grabtaxi holdings,others
great american insurance company,others
ho lee construction,others
katanga mining,others
kipushi corporation sa,others
kpmg,others
maersk tankers singapore,others
marina offshore,others
metro holdings,others
ms first capital insurance,others
new & novel engineering,others
ocean network express,others
perennial real estate holdings,others
pricewaterhousecoopers pwc singapore,others
qbe insurance singapore,others
razer,others
rio tinto,others
seatrium,others
seraya energy,others
st telemedia global data centres,others
tai chong cheang shipping singapore,others
tarago operations,others
the daily cut,others
the singapore medical council smc,others
thomson medical group tmg,others
trafigura beheer bv,others
trafigura maritime logistics,others
vale,others
vast resources,others
westbridge ventures ii investment holdings,others
woodlawn mine holdings,others
gtp advisory pac,others
vyas engineering,others
